Method,1,2,3
Test Set,25.882352941176475,34.705882352941174,39.411764705882355
Baseline,24.705882352941178,37.05882352941177,38.23529411764706
SmallBatch,24.705882352941178,35.88235294117647,39.411764705882355
MixedPrecision,25.294117647058822,32.94117647058823,41.76470588235294
ReduceComplexity,24.705882352941178,35.294117647058826,40.0
