Method,1,2,3
Test Set,25.882352941176475,34.705882352941174,39.411764705882355
Baseline,25.882352941176475,35.294117647058826,38.82352941176471
SmallBatch,25.882352941176475,35.294117647058826,38.82352941176471
MixedPrecision,25.294117647058822,35.88235294117647,38.82352941176471
ReduceComplexity,25.294117647058822,35.88235294117647,38.82352941176471
