Method,1,2,3
Test Set,25.882352941176475,34.705882352941174,39.411764705882355
Baseline,24.705882352941178,14.117647058823529,61.1764705882353
SmallBatch,24.705882352941178,25.294117647058822,50.0
MixedPrecision,24.11764705882353,10.588235294117647,65.29411764705883
ReduceComplexity,15.88235294117647,43.529411764705884,40.588235294117645
